First Name,Last Name,Email,WhatsApp,Telegram,Linkedin,Interests,Date of Birth
Siddhesh,Desai,siddheshdesai777@gmail.com,7558612763,siddheshdesai,linkedin.com/in/thesiddheshdesai,Sports,27-04-2004
Jane,Smith,janesmith@email.com,1987654321,@janesmith,linkedin.com/in/janesmith,Travel,22-08-1992
Michael,Johnson,michaeljohnson@email.com,1555666777,@michaelj,linkedin.com/in/michaeljohnson,Technology,10-12-1975
Emily,Williams,emilywilliams@email.com,1888777666,@emilyw,linkedin.com/in/emilywilliams,Art,28-03-1988
Robert,Miller,robertmiller@email.com,1999888777,@robertm,linkedin.com/in/robertmiller,Music,17-06-1995
Amanda,Davis,amandadavis@email.com,1666777888,@amandad,linkedin.com/in/amandadavis,Reading,05-09-1982
Daniel,Anderson,danielanderson@email.com,1777666555,@danderson,linkedin.com/in/danielanderson,Photography,12-11-1990
Olivia,Moore,oliviamoore@email.com,1223344555,@oliviam,linkedin.com/in/oliviamoore,Food,20-04-1987
William,Thomas,williamthomas@email.com,1888222333,@willt,linkedin.com/in/williamthomas,Outdoor Activities,08-07-1984
Sophia,Brown,sophiabrown@email.com,1999777888,@sophiab,linkedin.com/in/sophiabrown,Health and Fitness,31-01-1998
Ethan,Clark,ethanclark@email.com,1888999000,@ethanc,linkedin.com/in/ethanclark,Science,25-06-1978
Isabella,Taylor,isabellataylor@email.com,1555444666,@isabellat,linkedin.com/in/isabellataylor,History,14-09-1993
Mason,White,masonwhite@email.com,1777555444,@masonw,linkedin.com/in/masonwhite,Technology,03-12-1989
Ava,Hall,avahall@email.com,1888444333,@avah,linkedin.com/in/avahall,Travel,18-02-1981
Liam,Lewis,liamlewis@email.com,1999666777,@liaml,linkedin.com/in/liamlewis,Music,26-05-1996
Grace,Young,graceyoung@email.com,1444333222,@gracey,linkedin.com/in/graceyoung,Art,09-08-1986
Benjamin,Walker,benjaminwalker@email.com,1666555444,@benjaminw,linkedin.com/in/benjaminwalker,Reading,27-11-1991
Chloe,Hill,chloehill@email.com,1888777666,@chloeh,linkedin.com/in/chloehill,Outdoor Activities,14-04-1983
James,Scott,jamesscott@email.com,1888333222,@jamess,linkedin.com/in/jamesscott,Science,03-07-1994
Natalie,King,natalieking@email.com,1999444555,@nataliek,linkedin.com/in/natalieking,Food,21-10-1980
Lucas,Cooper,lucascooper@email.com,1444666777,@lucasc,linkedin.com/in/lucascooper,Health and Fitness,07-01-1985
Lily,Ward,lilyward@email.com,1777333444,@lilyw,linkedin.com/in/lilyward,Photography,18-04-1997
Jackson,Turner,jacksonturner@email.com,1666888999,@jacksont,linkedin.com/in/jacksonturner,History,30-09-1984
Victoria,Collins,victoriacollins@email.com,1888999888,@victoriac,linkedin.com/in/victoriacollins,Technology,12-02-1999
